{
  "StudioDisplayModel": {
    "position": [
      0,
      1.059999983400312,
      -5.2120754120446176
    ],
    "quaternion": [
      0,
      0,
      0,
      0.9999999999999998
    ],
    "scale": [
      1.7115857546339772,
      1.7115857546339772,
      1.7115857546339772
    ],
    "bboxMin": [
      -0.5344957287123095,
      1.0599999999999998,
      -5.400205121541423
    ],
    "bboxMax": [
      0.5344957287123095,
      1.88,
      -5.0237948784585775
    ]
  },
  "WoodMonitorRaiserModel": {
    "position": [
      -0.6978459603942407,
      1.025384627881509,
      -4.990307753750753
    ],
    "quaternion": [
      0,
      0,
      0,
      1
    ],
    "scale": [
      1.9624464609593972,
      1.8170800564438863,
      1.8170800564438863
    ],
    "bboxMin": [
      -0.6978459603942408,
      0.9100000000000001,
      -5.405692246249248
    ],
    "bboxMax": [
      0.6978459603942407,
      1.06,
      -4.990307753750753
    ]
  },
  "MacStudioModel": {
    "position": [
      0.462,
      1.04512,
      -5.208
    ],
    "quaternion": [
      0,
      0.7103532724176079,
      0,
      0.7038453156522361
    ],
    "scale": [
      0.13687999999999997,
      0.13688,
      0.13687999999999997
    ],
    "bboxMin": [
      0.26577167246973465,
      1.0499997560007461,
      -5.404228327530266
    ],
    "bboxMax": [
      0.6582283275302654,
      1.223885462695331,
      -5.0117716724697345
    ]
  },
  "KeyboardModel": {
    "position": [
      -0.01932,
      0.95312,
      -4.691549999999999
    ],
    "quaternion": [
      0,
      -0.009999833334166663,
      0,
      0.9999500004166654
    ],
    "scale": [
      2.46395,
      2.46395,
      2.46395
    ],
    "bboxMin": [
      -0.2805774286624746,
      0.9100008323638746,
      -4.790703902341299
    ],
    "bboxMax": [
      0.24857691376528843,
      0.9700008646387088,
      -4.593298960312256
    ]
  },
  "ModernErgonomicChairModel": {
    "position": [
      0.8968056884765931,
      1.5942672446939308e-8,
      -3.771484838932353
    ],
    "quaternion": [
      0,
      0.7988603283941799,
      0,
      0.6015165631285169
    ],
    "scale": [
      0.1909683024000693,
      0.1705074128572047,
      0.1909683024000693
    ],
    "bboxMin": [
      0.3736000080148487,
      0,
      -4.3164
    ],
    "bboxMax": [
      1.4263999919851513,
      1.4531263741379534,
      -3.2636
    ]
  },
  "HomePodMiniModel": {
    "position": [
      -0.928,
      0.914,
      -5.279999999999999
    ],
    "quaternion": [
      0,
      0.08987854919801101,
      0,
      0.9959527330119943
    ],
    "scale": [
      0.045,
      0.045,
      0.045
    ],
    "bboxMin": [
      -1.0474553899002172,
      0.914,
      -5.3994553639960605
    ],
    "bboxMax": [
      -0.8085446100997828,
      1.0806326212882995,
      -5.160544636003938
    ]
  },
  "OfficeDeskModel": {
    "position": [
      -1.3893401008612307,
      6.680830107880231e-11,
      -4.418781649038758
    ],
    "quaternion": [
      0,
      0,
      0,
      1
    ],
    "scale": [
      0.04033055706585106,
      0.029654821371949306,
      0.0385512677835341
    ],
    "bboxMin": [
      -1.389340100861232,
      0,
      -5.481218350961242
    ],
    "bboxMax": [
      1.3893401008612318,
      0.92,
      -4.418781649038758
    ]
  },
  "RitaFloorLampModel": {
    "position": [
      -1.664643498875299,
      -0.030648655004470227,
      -4.929669764778765
    ],
    "quaternion": [
      0,
      -0.08987854919801104,
      0,
      0.9959527330119943
    ],
    "scale": [
      0.014071743230131935,
      0.014071743230131935,
      0.014071743230131935
    ],
    "bboxMin": [
      -1.9891736999999998,
      -0.02800395764129321,
      -5.256726803280577
    ],
    "bboxMax": [
      -1.3348262999999998,
      2.2281239576412935,
      -4.603273196719423
    ]
  },
  "MouseModel": {
    "position": [
      0.45198,
      0.93479,
      -4.6689
    ],
    "quaternion": [
      0,
      -0.6634347893733173,
      0,
      0.7482341079162202
    ],
    "scale": [
      0.06295,
      0.02737,
      0.07253
    ],
    "bboxMin": [
      0.36892030085221533,
      0.9220879224265571,
      -4.775354767829598
    ],
    "bboxMax": [
      0.5325682286817733,
      0.9530033454870811,
      -4.5719682469718075
    ]
  },
  "PottedPlantModel": {
    "position": [
      -1.202,
      0.92,
      -5.284
    ],
    "quaternion": [
      0,
      -0.0799146939691727,
      0,
      0.9968017063026194
    ],
    "scale": [
      1.05,
      1.05,
      1.05
    ],
    "bboxMin": [
      -1.3315746202889387,
      0.92,
      -5.384939084434254
    ],
    "bboxMax": [
      -1.1010502490967662,
      1.3259256234036618,
      -5.183060889099398
    ]
  }
}
